Nama,Jenis Kelamin
Abel,♀ Perempuan
Aci,♀ Perempuan
Aci,♀ Perempuan
Ade,♀ Perempuan
Adelisa,♀ Perempuan
Adelissya,♀ Perempuan
Adina,♀ Perempuan
Adinah,♀ Perempuan
Adinda,♀ Perempuan
Adinda,♀ Perempuan
Adinta,♀ Perempuan
Adisa,♀ Perempuan
Adisya,♀ Perempuan
Adlin,♀ Perempuan
Adlina,♀ Perempuan
Aeni,♀ Perempuan
Aghni,♀ Perempuan
Agni,♀ Perempuan
Agnis,♀ Perempuan
Agnita,♀ Perempuan
Agniya,♀ Perempuan
Agridayanti,♀ Perempuan
Agusta,♀ Perempuan
Agustin,♀ Perempuan
Agustina,♀ Perempuan
Ahya,♀ Perempuan
Aida,♀ Perempuan
Aila,♀ Perempuan
Ailani,♀ Perempuan
Aini,♀ Perempuan
Aini,♀ Perempuan
Aini,♀ Perempuan
Ainul,♀ Perempuan
Ais,♀ Perempuan
Aisa,♀ Perempuan
Aisyah,♀ Perempuan
Aitana,♀ Perempuan
Ajeng,♀ Perempuan
Akbarwati,♀ Perempuan
Akila,♀ Perempuan
Alaiza,♀ Perempuan
Aleya,♀ Perempuan
Aleyya,♀ Perempuan
Aliendra,♀ Perempuan
Alifia,♀ Perempuan
Alika,♀ Perempuan
Alika,♀ Perempuan
Alikha,♀ Perempuan
Alila,♀ Perempuan
Alin,♀ Perempuan
Alisa,♀ Perempuan
Alisandra,♀ Perempuan
Alissandra,♀ Perempuan
Alke,♀ Perempuan
Alraisha,♀ Perempuan
Aluyah,♀ Perempuan
Alva,♀ Perempuan
Alva,♀ Perempuan
Alya,♀ Perempuan
Alyandra,♀ Perempuan
Alyssandra,♀ Perempuan
Amalia,♀ Perempuan
Amande,♀ Perempuan
Amarita,♀ Perempuan
Ambaruruti,♀ Perempuan
Ambarwati,♀ Perempuan
Amelia,♀ Perempuan
Ami,♀ Perempuan
Amina,♀ Perempuan
Aminah,♀ Perempuan
Amlia,♀ Perempuan
Ana,♀ Perempuan
Ananda,♀ Perempuan
Ananditha,♀ Perempuan
Anata,♀ Perempuan
Andini,♀ Perempuan
Anditi,♀ Perempuan
Aneu,♀ Perempuan
Angel,♀ Perempuan
Anggarawati,♀ Perempuan
Anggarini,♀ Perempuan
Anggawati,♀ Perempuan
Anggi,♀ Perempuan
Anggia,♀ Perempuan
Anggiana,♀ Perempuan
Anggiana,♀ Perempuan
Anggita,♀ Perempuan
Anggraeni,♀ Perempuan
Anggraini,♀ Perempuan
Anggrainy,♀ Perempuan
Anggreini,♀ Perempuan
Anggri,♀ Perempuan
Ani,♀ Perempuan
Ani,♀ Perempuan
Anidea,♀ Perempuan
Aninda,♀ Perempuan
Anindha,♀ Perempuan
Anindhita,♀ Perempuan
Anindhita,♀ Perempuan
Anindita,♀ Perempuan
Aninditha,♀ Perempuan
Anindra,♀ Perempuan
Anisa,♀ Perempuan
Anisa,♀ Perempuan
Anita,♀ Perempuan
Anita,♀ Perempuan
Anitasari,♀ Perempuan
Anjani,♀ Perempuan
Anjelina,♀ Perempuan
Annastia,♀ Perempuan
Anne,♀ Perempuan
Anon,♀ Perempuan
Antasari,♀ Perempuan
Anti,♀ Perempuan
Antika,♀ Perempuan
Any,♀ Perempuan
Anya,♀ Perempuan
April,♀ Perempuan
Aprilia,♀ Perempuan
Apriliani,♀ Perempuan
Aqueeni,♀ Perempuan
Aquene,♀ Perempuan
Arandra,♀ Perempuan
Ardenia,♀ Perempuan
Ardhanareswari,♀ Perempuan
Ardhiona,♀ Perempuan
Ardina,♀ Perempuan
Arianti,♀ Perempuan
Ariestinova,♀ Perempuan
Arina,♀ Perempuan
Ariyani,♀ Perempuan
Ariyanti,♀ Perempuan
Arniayati,♀ Perempuan
Arom,♀ Perempuan
Arshinta,♀ Perempuan
Artati,♀ Perempuan
Artha,♀ Perempuan
Arti,♀ Perempuan
Arti,♀ Perempuan
Artsanty,♀ Perempuan
Arty,♀ Perempuan
Arum,♀ Perempuan
Arum,♀ Perempuan
Arumi,♀ Perempuan
Arundaya,♀ Perempuan
Aryanti,♀ Perempuan
Aryati,♀ Perempuan
Aryesti,♀ Perempuan
Arzetti,♀ Perempuan
Ashami,♀ Perempuan
Ashri,♀ Perempuan
Aslani,♀ Perempuan
Asliani,♀ Perempuan
Asmara,♀ Perempuan
Asmaradhana,♀ Perempuan
Asmarawati,♀ Perempuan
Asmirah,♀ Perempuan
Asmiyati,♀ Perempuan
Asmoro,♀ Perempuan
Asri,♀ Perempuan
Asrida,♀ Perempuan
Astar,♀ Perempuan
Astari,♀ Perempuan
Astarina,♀ Perempuan
Astarini,♀ Perempuan
Aster,♀ Perempuan
Asterini,♀ Perempuan
Asterini,♀ Perempuan
Asti,♀ Perempuan
Asti,♀ Perempuan
Astra,♀ Perempuan
Astri,♀ Perempuan
Astri,♀ Perempuan
Astrid,♀ Perempuan
Astrie,♀ Perempuan
Astrinda,♀ Perempuan
Astrini,♀ Perempuan
Asty,♀ Perempuan
Asyarani,♀ Perempuan
Ati,♀ Perempuan
Ati,♀ Perempuan
Atik,♀ Perempuan
Atika,♀ Perempuan
Atin,♀ Perempuan
Aufaa,♀ Perempuan
Aulia,♀ Perempuan
Auliasyifa,♀ Perempuan
Aurelia,♀ Perempuan
Aurum,♀ Perempuan
Avi,♀ Perempuan
Avrel,♀ Perempuan
Awlia,♀ Perempuan
Ayda,♀ Perempuan
Ayi,♀ Perempuan
Ayi,♀ Perempuan
Ayu,♀ Perempuan
Ayu,♀ Perempuan
Ayu,♀ Perempuan
Ayudhya,♀ Perempuan
Ayudia,♀ Perempuan
Ayundari,♀ Perempuan
Ayunindya,♀ Perempuan
Ayunita,♀ Perempuan
Ayushita,♀ Perempuan
Ayutami,♀ Perempuan
Azalia,♀ Perempuan
Aziziawati,♀ Perempuan
Azkatia,♀ Perempuan
Azzalia,♀ Perempuan
Bandriya,♀ Perempuan
Banowati,♀ Perempuan
Banur,♀ Perempuan
Basundari,♀ Perempuan
Beka,♀ Perempuan
Bening,♀ Perempuan
Berlian,♀ Perempuan
Berliana,♀ Perempuan
Berliani,♀ Perempuan
Berlynn,♀ Perempuan
Berta,♀ Perempuan
Berty,♀ Perempuan
Beta,♀ Perempuan
Bethari,♀ Perempuan
Betty,♀ Perempuan
Biandari,♀ Perempuan
Bianta,♀ Perempuan
Biantari,♀ Perempuan
Bibit,♀ Perempuan
Bidara,♀ Perempuan
Bidari,♀ Perempuan
Bidur,♀ Perempuan
Biduri,♀ Perempuan
Binar,♀ Perempuan
Binari,♀ Perempuan
Bintang,♀ Perempuan
Bintang,♀ Perempuan
Bintarti,♀ Perempuan
Boni,♀ Perempuan
Bonita,♀ Perempuan
Briliant,♀ Perempuan
Budhiarti,♀ Perempuan
Budiarti,♀ Perempuan
Budiati,♀ Perempuan
Budiwati,♀ Perempuan
Budiyani,♀ Perempuan
Bulan,♀ Perempuan
Bulan,♀ Perempuan
Bulan,♀ Perempuan
Bulan,♀ Perempuan
Bunga,♀ Perempuan
Bunga,♀ Perempuan
Cahaya,♀ Perempuan
Cahaya,♀ Perempuan
Cahyani,♀ Perempuan
Calista,♀ Perempuan
Camar,♀ Perempuan
Camelia,♀ Perempuan
Camelia,♀ Perempuan
Canayya,♀ Perempuan
Candini,♀ Perempuan
Candra,♀ Perempuan
Candrasari,♀ Perempuan
Candrika,♀ Perempuan
Cantik,♀ Perempuan
Cantik,♀ Perempuan
Cantika,♀ Perempuan
Cantikha,♀ Perempuan
Cantique,♀ Perempuan
Caya,♀ Perempuan
Cayani,♀ Perempuan
Celi,♀ Perempuan
Cempaka,♀ Perempuan
Cenik,♀ Perempuan
Chairani,♀ Perempuan
Chandani,♀ Perempuan
Chandrawinata,♀ Perempuan
Chantika,♀ Perempuan
Chantiqa,♀ Perempuan
Chindy,♀ Perempuan
Chintami,♀ Perempuan
Cindri,♀ Perempuan
Cindy,♀ Perempuan
Cindy,♀ Perempuan
Cinta,♀ Perempuan
Cintania,♀ Perempuan
Cinte,♀ Perempuan
Cinte,♀ Perempuan
Cipta,♀ Perempuan
Ciptantri,♀ Perempuan
Citra,♀ Perempuan
Citrananda,♀ Perempuan
Cut,♀ Perempuan
Cykanika,♀ Perempuan
Daesy,♀ Perempuan
Dahayu,♀ Perempuan
Dahlia,♀ Perempuan
Dahlia,♀ Perempuan
Dainty,♀ Perempuan
Daisy,♀ Perempuan
Dalila,♀ Perempuan
Dana,♀ Perempuan
Dani,♀ Perempuan
Dania,♀ Perempuan
Danisa,♀ Perempuan
Danisha,♀ Perempuan
Daniza,♀ Perempuan
Dara,♀ Perempuan
Dartina,♀ Perempuan
Daryani,♀ Perempuan
Dassy,♀ Perempuan
Davira,♀ Perempuan
Dayndra,♀ Perempuan
Dayu,♀ Perempuan
Dea,♀ Perempuan
Deanisa,♀ Perempuan
Deasy,♀ Perempuan
Deavi,♀ Perempuan
Decy,♀ Perempuan
Deeana,♀ Perempuan
Defa,♀ Perempuan
Defaira,♀ Perempuan
Defara,♀ Perempuan
Defika,♀ Perempuan
Della,♀ Perempuan
Desak,♀ Perempuan
Desanti,♀ Perempuan
Deshinta,♀ Perempuan
Desi,♀ Perempuan
Desi,♀ Perempuan
Desinta,♀ Perempuan
Desiyanti,♀ Perempuan
Desmiranda,♀ Perempuan
Dessy,♀ Perempuan
Dessyana,♀ Perempuan
Destin,♀ Perempuan
Desvi,♀ Perempuan
Deswita,♀ Perempuan
Desy,♀ Perempuan
Detrie,♀ Perempuan
Detya,♀ Perempuan
Devi,♀ Perempuan
Devi,♀ Perempuan
Devia,♀ Perempuan
Devianti,♀ Perempuan
Devika,♀ Perempuan
Devika,♀ Perempuan
Devina,♀ Perempuan
Devina,♀ Perempuan
Devinta,♀ Perempuan
Devio,♀ Perempuan
Deviyanti,♀ Perempuan
Devy,♀ Perempuan
Devya,♀ Perempuan
Dewati,♀ Perempuan
Dewi,♀ Perempuan
Dewi,♀ Perempuan
Dewi,♀ Perempuan
Dewihera,♀ Perempuan
Dewinda,♀ Perempuan
Dhafitha,♀ Perempuan
Dhea,♀ Perempuan
Dhesy,♀ Perempuan
Dhia,♀ Perempuan
Dhina,♀ Perempuan
Dhuhayu,♀ Perempuan
Diah,♀ Perempuan
Diah,♀ Perempuan
Diah,♀ Perempuan
Dian,♀ Perempuan
Dian,♀ Perempuan
Diana,♀ Perempuan
Diana,♀ Perempuan
Diana,♀ Perempuan
Diannova,♀ Perempuan
Dianova,♀ Perempuan
Dien,♀ Perempuan
Dieni,♀ Perempuan
Dieta,♀ Perempuan
Dihyan,♀ Perempuan
Diksa,♀ Perempuan
Dina,♀ Perempuan
Dinaya,♀ Perempuan
Dinaya,♀ Perempuan
Dinda,♀ Perempuan
Dista,♀ Perempuan
Distya,♀ Perempuan
Dita,♀ Perempuan
Ditta,♀ Perempuan
Divanisa,♀ Perempuan
Diyah,♀ Perempuan
Diyandra,♀ Perempuan
Diyandra,♀ Perempuan
Dodo,♀ Perempuan
Dona,♀ Perempuan
Dora,♀ Perempuan
Douce,♀ Perempuan
Dwi,♀ Perempuan
Dwi,♀ Perempuan
Dwijayanti,♀ Perempuan
Dwikania,♀ Perempuan
Dwikaniya,♀ Perempuan
Dwinda,♀ Perempuan
Dwisa,♀ Perempuan
Dwitya,♀ Perempuan
Dyan,♀ Perempuan
Dyandra,♀ Perempuan
Eca,♀ Perempuan
Ecca,♀ Perempuan
Eda,♀ Perempuan
Edil,♀ Perempuan
Ega,♀ Perempuan
Eggy,♀ Perempuan
Egidiana,♀ Perempuan
Eka,♀ Perempuan
Eka,♀ Perempuan
Ekanidya,♀ Perempuan
Ekarini,♀ Perempuan
Ekawati,♀ Perempuan
Ela,♀ Perempuan
Elia,♀ Perempuan
Eliya,♀ Perempuan
Elnawati,♀ Perempuan
Elnisa,♀ Perempuan
Elok,♀ Perempuan
Elsa,♀ Perempuan
Elsa,♀ Perempuan
Elva,♀ Perempuan
Elvani,♀ Perempuan
Elvina,♀ Perempuan
Elzavira,♀ Perempuan
Ema,♀ Perempuan
Emalia,♀ Perempuan
Emas,♀ Perempuan
Embun,♀ Perempuan
Embun,♀ Perempuan
Emil,♀ Perempuan
Empati,♀ Perempuan
Endah,♀ Perempuan
Endina,♀ Perempuan
Enggar,♀ Perempuan
Engkar,♀ Perempuan
Enny,♀ Perempuan
Enung,♀ Perempuan
Eny,♀ Perempuan
Eria,♀ Perempuan
Eriani,♀ Perempuan
Erin,♀ Perempuan
Erinna,♀ Perempuan
Erlina,♀ Perempuan
Erni,♀ Perempuan
Erniana,♀ Perempuan
Erniawati,♀ Perempuan
Erry,♀ Perempuan
Ersya,♀ Perempuan
Ervana,♀ Perempuan
Ervani,♀ Perempuan
Ervi,♀ Perempuan
Erviana,♀ Perempuan
Ervina,♀ Perempuan
Ervinna,♀ Perempuan
Estiyani,♀ Perempuan
Estu,♀ Perempuan
Eti,♀ Perempuan
Euis,♀ Perempuan
Evianti,♀ Perempuan
Evy,♀ Perempuan
Fahra,♀ Perempuan
Fahrya,♀ Perempuan
Faiza,♀ Perempuan
Fanesha,♀ Perempuan
Fani,♀ Perempuan
Faniza,♀ Perempuan
Fanny,♀ Perempuan
Fany,♀ Perempuan
Fany,♀ Perempuan
Fara,♀ Perempuan
Faradila,♀ Perempuan
Faradilla,♀ Perempuan
Farah,♀ Perempuan
Farida,♀ Perempuan
Farlen,♀ Perempuan
Fatarani,♀ Perempuan
Fatma,♀ Perempuan
Fatmasari,♀ Perempuan
Fatmawati,♀ Perempuan
Fausta,♀ Perempuan
Fayza,♀ Perempuan
Febrian,♀ Perempuan
Febriana,♀ Perempuan
Febriani,♀ Perempuan
Febrianty,♀ Perempuan
Febrina,♀ Perempuan
Febry,♀ Perempuan
Feby,♀ Perempuan
Felicia,♀ Perempuan
Felicia,♀ Perempuan
Fellicia,♀ Perempuan
Feni,♀ Perempuan
Fenny,♀ Perempuan
Fenty,♀ Perempuan
Feny,♀ Perempuan
Ferawati,♀ Perempuan
Ferliana,♀ Perempuan
Ferlina,♀ Perempuan
Ferliyana,♀ Perempuan
Fermata,♀ Perempuan
Ferranti,♀ Perempuan
Ferwati,♀ Perempuan
Fibi,♀ Perempuan
Fifi,♀ Perempuan
Fika,♀ Perempuan
Fimanda,♀ Perempuan
Finna,♀ Perempuan
Fiolisa,♀ Perempuan
Fiona,♀ Perempuan
Fira,♀ Perempuan
Firda,♀ Perempuan
Firsa,♀ Perempuan
Firsyarefi,♀ Perempuan
Firza,♀ Perempuan
Fita,♀ Perempuan
Fitrah,♀ Perempuan
Fitri,♀ Perempuan
Fitria,♀ Perempuan
Fitriani,♀ Perempuan
Fitriyawati,♀ Perempuan
Foni,♀ Perempuan
Fransisca,♀ Perempuan
Frasya,♀ Perempuan
Frea,♀ Perempuan
Freea,♀ Perempuan
Freny,♀ Perempuan
Frida,♀ Perempuan
Fridianty,♀ Perempuan
Friezkha,♀ Perempuan
Frisa,♀ Perempuan
Frisca,♀ Perempuan
Frischa,♀ Perempuan
Friska,♀ Perempuan
Fristia,♀ Perempuan
Fristiya,♀ Perempuan
Futeri,♀ Perempuan
Gadis,♀ Perempuan
Gadisa,♀ Perempuan
Gadish,♀ Perempuan
Gadiza,♀ Perempuan
Gadiza,♀ Perempuan
Gaizka,♀ Perempuan
Galuh,♀ Perempuan
Gandasuli,♀ Perempuan
Gayuh,♀ Perempuan
Gema,♀ Perempuan
Ghaizka,♀ Perempuan
Ghin,♀ Perempuan
Ghina,♀ Perempuan
Ghina,♀ Perempuan
Gina,♀ Perempuan
Gina,♀ Perempuan
Gisaka,♀ Perempuan
Giska,♀ Perempuan
Gita,♀ Perempuan
Giyanti,♀ Perempuan
Gristi,♀ Perempuan
Guefa,♀ Perempuan
Gunarsih,♀ Perempuan
Gunartika,♀ Perempuan
Guritno,♀ Perempuan
Guritno,♀ Perempuan
Gya,♀ Perempuan
Hadara,♀ Perempuan
Hadasah,♀ Perempuan
Hadianti,♀ Perempuan
Hadiyanti,♀ Perempuan
Halima,♀ Perempuan
Hana,♀ Perempuan
Hana,♀ Perempuan
Hana,♀ Perempuan
Hanania,♀ Perempuan
Handani,♀ Perempuan
Handayani,♀ Perempuan
Handini,♀ Perempuan
Hanesa,♀ Perempuan
Hani,♀ Perempuan
Hanindita,♀ Perempuan
Hanjani,♀ Perempuan
Hariana,♀ Perempuan
Hariani,♀ Perempuan
Harlina,♀ Perempuan
Hartati,♀ Perempuan
Harum,♀ Perempuan
Harum,♀ Perempuan
Hasita,♀ Perempuan
Hasmawati,♀ Perempuan
Hasna,♀ Perempuan
Hati,♀ Perempuan
Hawa,♀ Perempuan
Helen,♀ Perempuan
Helen,♀ Perempuan
Helena,♀ Perempuan
Hendiana,♀ Perempuan
Hendrayani,♀ Perempuan
Hendriati,♀ Perempuan
Hendriawati,♀ Perempuan
Hendriyani,♀ Perempuan
Hening,♀ Perempuan
Hennie,♀ Perempuan
Henny,♀ Perempuan
Heny,♀ Perempuan
Hera,♀ Perempuan
Herawati,♀ Perempuan
Herlia,♀ Perempuan
Herliyah,♀ Perempuan
Hermawanti,♀ Perempuan
Hermawati,♀ Perempuan
Hermiyati,♀ Perempuan
Herrawati,♀ Perempuan
Hesti,♀ Perempuan
Hestia,♀ Perempuan
Hettie,♀ Perempuan
Hidayati,♀ Perempuan
Hijri,♀ Perempuan
Hijriyah,♀ Perempuan
Hilda,♀ Perempuan
Hildawati,♀ Perempuan
Hilna,♀ Perempuan
Himaya,♀ Perempuan
Huwaida,♀ Perempuan
Ida,♀ Perempuan
Ifah,♀ Perempuan
Iffah,♀ Perempuan
Iin,♀ Perempuan
Iis,♀ Perempuan
Ika,♀ Perempuan
Ika,♀ Perempuan
Ikabella,♀ Perempuan
Ikhlasmi,♀ Perempuan
Imaniar,♀ Perempuan
Imanisa,♀ Perempuan
Imannisa,♀ Perempuan
Imelda,♀ Perempuan
Ina,♀ Perempuan
Inah,♀ Perempuan
Inara,♀ Perempuan
Inaranti,♀ Perempuan
Indah,♀ Perempuan
Indah,♀ Perempuan
Indah,♀ Perempuan
Indah,♀ Perempuan
Indrarini,♀ Perempuan
Indri,♀ Perempuan
Indriani,♀ Perempuan
Indrianti,♀ Perempuan
Indryani,♀ Perempuan
Ineke,♀ Perempuan
Inez,♀ Perempuan
Inge,♀ Perempuan
Ingewati,♀ Perempuan
Inggrid,♀ Perempuan
Inggrid,♀ Perempuan
Ingke,♀ Perempuan
Innara,♀ Perempuan
Inne,♀ Perempuan
Inneke,♀ Perempuan
Intan,♀ Perempuan
Intan,♀ Perempuan
Inten,♀ Perempuan
Ipah,♀ Perempuan
Iput,♀ Perempuan
Ira,♀ Perempuan
Ira,♀ Perempuan
Ira,♀ Perempuan
Iramaya,♀ Perempuan
Irene,♀ Perempuan
Irfani,♀ Perempuan
Irfina,♀ Perempuan
Irianti,♀ Perempuan
Irma,♀ Perempuan
Irma,♀ Perempuan
Irmah,♀ Perempuan
Irmawati,♀ Perempuan
Irna,♀ Perempuan
Irnawati,♀ Perempuan
Is,♀ Perempuan
Ishami,♀ Perempuan
Ismawati,♀ Perempuan
Ismayanti,♀ Perempuan
Istara,♀ Perempuan
Isthara,♀ Perempuan
Isthiara,♀ Perempuan
Istiara,♀ Perempuan
Iswahyuti,♀ Perempuan
Ita,♀ Perempuan
Ita,♀ Perempuan
Jani,♀ Perempuan
Jany,♀ Perempuan
Jazzell,♀ Perempuan
Jean,♀ Perempuan
Jelita,♀ Perempuan
Jelita,♀ Perempuan
Jenar,♀ Perempuan
Jenifer,♀ Perempuan
Jeniffer,♀ Perempuan
Jenny,♀ Perempuan
Jessi,♀ Perempuan
Jingga,♀ Perempuan
Jiwa,♀ Perempuan
Julita,♀ Perempuan
July,♀ Perempuan
Jumantan,♀ Perempuan
Juniar,♀ Perempuan
Juwita,♀ Perempuan
Kadarwati,♀ Perempuan
Kade,♀ Perempuan
Kadek,♀ Perempuan
Kadi,♀ Perempuan
Kadi,♀ Perempuan
Kaila,♀ Perempuan
Kailla,♀ Perempuan
Kalista,♀ Perempuan
Kalla,♀ Perempuan
Kamaratih,♀ Perempuan
Kamboja,♀ Perempuan
Kamila,♀ Perempuan
Kanaya,♀ Perempuan
Kanaya,♀ Perempuan
Kanayya,♀ Perempuan
Kandella,♀ Perempuan
Kandyta,♀ Perempuan
Kani,♀ Perempuan
Kania,♀ Perempuan
Kanigara,♀ Perempuan
Kaniya,♀ Perempuan
Kanti,♀ Perempuan
Kanty,♀ Perempuan
Kapila,♀ Perempuan
Karenia,♀ Perempuan
Karihandayani,♀ Perempuan
Karla,♀ Perempuan
Karmila,♀ Perempuan
Kartika,♀ Perempuan
Kartika,♀ Perempuan
Kartika,♀ Perempuan
Karunia,♀ Perempuan
Karuniasih,♀ Perempuan
Kasih,♀ Perempuan
Kasih,♀ Perempuan
Kasmirah,♀ Perempuan
Kasturi,♀ Perempuan
Katy,♀ Perempuan
Kedasih,♀ Perempuan
Keizha,♀ Perempuan
Kejora,♀ Perempuan
Kemala,♀ Perempuan
Kemala,♀ Perempuan
Kemuning,♀ Perempuan
Kenanga,♀ Perempuan
Keyra,♀ Perempuan
Keyza,♀ Perempuan
Khadijah,♀ Perempuan
Khadijjah,♀ Perempuan
Khaira,♀ Perempuan
Khairahmi,♀ Perempuan
Khalista,♀ Perempuan
Khansa,♀ Perempuan
Khansania,♀ Perempuan
Kharisma,♀ Perempuan
Khatifah,♀ Perempuan
Kholid,♀ Perempuan
Kiki,♀ Perempuan
Kiky,♀ Perempuan
Kimi,♀ Perempuan
Kimita,♀ Perempuan
Kinandita,♀ Perempuan
Kinanthi,♀ Perempuan
Kinanti,♀ Perempuan
Kinanti,♀ Perempuan
Kinara,♀ Perempuan
Kinaraisha,♀ Perempuan
Kinarian,♀ Perempuan
Kinaryosi,♀ Perempuan
Kinasih,♀ Perempuan
Kirana,♀ Perempuan
Kirana,♀ Perempuan
Kirana,♀ Perempuan
Kirani,♀ Perempuan
Kirania,♀ Perempuan
Kirania,♀ Perempuan
Kireina,♀ Perempuan
Kireina,♀ Perempuan
Kirey,♀ Perempuan
Kireyna,♀ Perempuan
Kiswati,♀ Perempuan
Komala,♀ Perempuan
Kori,♀ Perempuan
Krisnawati,♀ Perempuan
Kristanti,♀ Perempuan
Kristi,♀ Perempuan
Kristiani,♀ Perempuan
Kristianty,♀ Perempuan
Kristina,♀ Perempuan
Kristina,♀ Perempuan
Kristiyana,♀ Perempuan
Kriswanti,♀ Perempuan
Kukuh,♀ Perempuan
Kumala,♀ Perempuan
Kumala,♀ Perempuan
Kunthi,♀ Perempuan
Kuriana,♀ Perempuan
Kurnia,♀ Perempuan
Kurniasih,♀ Perempuan
Kusbandiyah,♀ Perempuan
Kusti,♀ Perempuan
Kusuma,♀ Perempuan
Kusuma,♀ Perempuan
Kusumadewi,♀ Perempuan
Kyrani,♀ Perempuan
Ladia,♀ Perempuan
Lady,♀ Perempuan
Ladya,♀ Perempuan
Ladya,♀ Perempuan
Laida,♀ Perempuan
Laksmi,♀ Perempuan
Lala,♀ Perempuan
Lalita,♀ Perempuan
Lana,♀ Perempuan
Langit,♀ Perempuan
Lani,♀ Perempuan
Laniwati,♀ Perempuan
Laquitta,♀ Perempuan
Lara,♀ Perempuan
Laras,♀ Perempuan
Laras,♀ Perempuan
Larasati,♀ Perempuan
Larasaty,♀ Perempuan
Larisia,♀ Perempuan
Lasini,♀ Perempuan
Lasma,♀ Perempuan
Lastri,♀ Perempuan
Lasya,♀ Perempuan
Laudy,♀ Perempuan
Laudya,♀ Perempuan
Laviska,♀ Perempuan
Layalia,♀ Perempuan
Layana,♀ Perempuan
Layria,♀ Perempuan
Layung,♀ Perempuan
Lea,♀ Perempuan
Legi,♀ Perempuan
Leilani,♀ Perempuan
Lelyana,♀ Perempuan
Lembayung,♀ Perempuan
Lembayung,♀ Perempuan
Leni,♀ Perempuan
Leona,♀ Perempuan
Leoni,♀ Perempuan
Lestari,♀ Perempuan
Lia,♀ Perempuan
Liana,♀ Perempuan
Lianawati,♀ Perempuan
Lianita,♀ Perempuan
Lianita,♀ Perempuan
Liany,♀ Perempuan
Lidwina,♀ Perempuan
Lidya,♀ Perempuan
Lies,♀ Perempuan
Lila,♀ Perempuan
Lili,♀ Perempuan
Lili,♀ Perempuan
Liliani,♀ Perempuan
Lilik,♀ Perempuan
Lilis,♀ Perempuan
Lily,♀ Perempuan
Lily,♀ Perempuan
Linawati,♀ Perempuan
Linda,♀ Perempuan
Lindung,♀ Perempuan
Lintang,♀ Perempuan
Lisa,♀ Perempuan
Lisabrirana,♀ Perempuan
Lisaira,♀ Perempuan
Listiana,♀ Perempuan
Listiarini,♀ Perempuan
Listyani,♀ Perempuan
Lita,♀ Perempuan
Livia,♀ Perempuan
Lodya,♀ Perempuan
Lovely,♀ Perempuan
Luas,♀ Perempuan
Luckyana,♀ Perempuan
Ludwina,♀ Perempuan
Ludya,♀ Perempuan
Lulu,♀ Perempuan
Lulu,♀ Perempuan
Luqiyana,♀ Perempuan
Lusiana,♀ Perempuan
Lusiyana,♀ Perempuan
Lusyana,♀ Perempuan
Maaya,♀ Perempuan
Maejur,♀ Perempuan
Maesa,♀ Perempuan
Maesur,♀ Perempuan
Mafelia,♀ Perempuan
Mahadewi,♀ Perempuan
Mahakartika,♀ Perempuan
Mahameru,♀ Perempuan
Maharani,♀ Perempuan
Maharani,♀ Perempuan
Maharani,♀ Perempuan
Mahardian,♀ Perempuan
Mahardiana,♀ Perempuan
Mahisa,♀ Perempuan
Mahran,♀ Perempuan
Mai,♀ Perempuan
Maia,♀ Perempuan
Maizas,♀ Perempuan
Mala,♀ Perempuan
Maldina,♀ Perempuan
Malina,♀ Perempuan
Malinda,♀ Perempuan
Manda,♀ Perempuan
Manik,♀ Perempuan
Mara,♀ Perempuan
Maranata,♀ Perempuan
Maranatha,♀ Perempuan
Marchella,♀ Perempuan
Mardayanti,♀ Perempuan
Mardewi,♀ Perempuan
Maria,♀ Perempuan
Maria,♀ Perempuan
Mariana,♀ Perempuan
Mariawaty,♀ Perempuan
Marina,♀ Perempuan
Marini,♀ Perempuan
Mariska,♀ Perempuan
Marleni,♀ Perempuan
Marsela,♀ Perempuan
Marsela,♀ Perempuan
Marshanda,♀ Perempuan
Marshanda,♀ Perempuan
Marsya,♀ Perempuan
Martiana,♀ Perempuan
Martini,♀ Perempuan
Mary,♀ Perempuan
Masithah,♀ Perempuan
Masitoh,♀ Perempuan
Matahari,♀ Perempuan
Maulia,♀ Perempuan
Maulinda,♀ Perempuan
Mawar,♀ Perempuan
Maya,♀ Perempuan
Maya,♀ Perempuan
Mayana,♀ Perempuan
Mayang,♀ Perempuan
Mayangkara,♀ Perempuan
Mayanti,♀ Perempuan
Mayasari,♀ Perempuan
Mayrizka,♀ Perempuan
Median,♀ Perempuan
Mediana,♀ Perempuan
Mega,♀ Perempuan
Megapurnama,♀ Perempuan
Megarani,♀ Perempuan
Mehrunnisa,♀ Perempuan
Mei,♀ Perempuan
Meiga,♀ Perempuan
Meigi,♀ Perempuan
Meisy,♀ Perempuan
Meita,♀ Perempuan
Meitiningsih,♀ Perempuan
Meitiningsih,♀ Perempuan
Melani,♀ Perempuan
Melati,♀ Perempuan
Melina,♀ Perempuan
Mellinda,♀ Perempuan
Melly,♀ Perempuan
Melly,♀ Perempuan
Melvi,♀ Perempuan
Mely,♀ Perempuan
Menik,♀ Perempuan
Mentari,♀ Perempuan
Meriam,♀ Perempuan
Meriem,♀ Perempuan
Merita,♀ Perempuan
Merpati,♀ Perempuan
Merry,♀ Perempuan
Mesi,♀ Perempuan
Meta,♀ Perempuan
Meutia,♀ Perempuan
Mey,♀ Perempuan
Meydita,♀ Perempuan
Meylan,♀ Perempuan
Meylani,♀ Perempuan
Meymey,♀ Perempuan
Meyrisa,♀ Perempuan
Mheita,♀ Perempuan
Mia,♀ Perempuan
Mieke,♀ Perempuan
Mike,♀ Perempuan
Minata,♀ Perempuan
Minati,♀ Perempuan
Mirah,♀ Perempuan
Miranti,♀ Perempuan
Mirna,♀ Perempuan
Mita,♀ Perempuan
Mitha,♀ Perempuan
Mlathi,♀ Perempuan
Molek,♀ Perempuan
Mona,♀ Perempuan
Monic,♀ Perempuan
Moza,♀ Perempuan
Mozza,♀ Perempuan
Muharani,♀ Perempuan
Muharni,♀ Perempuan
Mujur,♀ Perempuan
Mulan,♀ Perempuan
Muliya,♀ Perempuan
Muliyani,♀ Perempuan
Muliyawati,♀ Perempuan
Mulus,♀ Perempuan
Mulyani,♀ Perempuan
Mulyaningsih,♀ Perempuan
Mulyawati,♀ Perempuan
Murani,♀ Perempuan
Murdiana,♀ Perempuan
Murni,♀ Perempuan
Murwani,♀ Perempuan
Muryani,♀ Perempuan
Musicka,♀ Perempuan
Musthofa,♀ Perempuan
Mustika,♀ Perempuan
Mustika,♀ Perempuan
Mustikasari,♀ Perempuan
Mustikawati,♀ Perempuan
Musuki,♀ Perempuan
Muthi,♀ Perempuan
Muthia,♀ Perempuan
Mutiara,♀ Perempuan
Muwarni,♀ Perempuan
Mylla,♀ Perempuan
Nada,♀ Perempuan
Nadia,♀ Perempuan
Nadia,♀ Perempuan
Nadila,♀ Perempuan
Nadila,♀ Perempuan
Nadilla,♀ Perempuan
Nadine,♀ Perempuan
Nadira,♀ Perempuan
Nadya,♀ Perempuan
Nadya,♀ Perempuan
Nadyla,♀ Perempuan
Nafisah,♀ Perempuan
Nagita,♀ Perempuan
Naia,♀ Perempuan
Naimara,♀ Perempuan
Nana,♀ Perempuan
Nancy,♀ Perempuan
Nandaryani,♀ Perempuan
Nandhita,♀ Perempuan
Nandya,♀ Perempuan
Nandyra,♀ Perempuan
Nani,♀ Perempuan
Nanik,♀ Perempuan
Nanung,♀ Perempuan
Nany,♀ Perempuan
Nareswari,♀ Perempuan
Nariswari,♀ Perempuan
Natalia,♀ Perempuan
Natalia,♀ Perempuan
Navalia,♀ Perempuan
Naveesha,♀ Perempuan
Nawa,♀ Perempuan
Nawangsasi,♀ Perempuan
Nawangwulan,♀ Perempuan
Naya,♀ Perempuan
Naya,♀ Perempuan
Nayandra,♀ Perempuan
Naylia,♀ Perempuan
Naysa,♀ Perempuan
Nayya,♀ Perempuan
Nayyara,♀ Perempuan
Nda,♀ Perempuan
Ndari,♀ Perempuan
Neifalanita,♀ Perempuan
Nenden,♀ Perempuan
Neneng,♀ Perempuan
Nenon,♀ Perempuan
Netta,♀ Perempuan
Netti,♀ Perempuan
Nettie,♀ Perempuan
Netty,♀ Perempuan
Nia,♀ Perempuan
Nia,♀ Perempuan
Nia,♀ Perempuan
Niandra,♀ Perempuan
Niela,♀ Perempuan
Niken,♀ Perempuan
Niken,♀ Perempuan
Nila,♀ Perempuan
Nila,♀ Perempuan
Nilam,♀ Perempuan
Nilam,♀ Perempuan
Nilawati,♀ Perempuan
Nimas,♀ Perempuan
Nina,♀ Perempuan
Ningrum,♀ Perempuan
Ningsih,♀ Perempuan
Nini,♀ Perempuan
Nini,♀ Perempuan
Ninik,♀ Perempuan
Ninuk,♀ Perempuan
Niranthy,♀ Perempuan
Nirina,♀ Perempuan
Nirmahda,♀ Perempuan
Nirmala,♀ Perempuan
Nisa,♀ Perempuan
Nisa,♀ Perempuan
Nisa',♀ Perempuan
Nita,♀ Perempuan
Nita,♀ Perempuan
Nita,♀ Perempuan
Nitami,♀ Perempuan
Nofita,♀ Perempuan
Nola,♀ Perempuan
Nonik,♀ Perempuan
Nopi,♀ Perempuan
Nopy,♀ Perempuan
Nouval,♀ Perempuan
Nova,♀ Perempuan
Nova,♀ Perempuan
Nova,♀ Perempuan
Novalind,♀ Perempuan
Novalinda,♀ Perempuan
Novalita,♀ Perempuan
Novarina,♀ Perempuan
Novarini,♀ Perempuan
Nove,♀ Perempuan
Novel,♀ Perempuan
Novel,♀ Perempuan
Novela,♀ Perempuan
Noverina,♀ Perempuan
Novi,♀ Perempuan
Noviana,♀ Perempuan
Novianti,♀ Perempuan
Novianty,♀ Perempuan
Novie,♀ Perempuan
Novita,♀ Perempuan
Novitasari,♀ Perempuan
Novy,♀ Perempuan
Nta,♀ Perempuan
Nuansa,♀ Perempuan
Nunik,♀ Perempuan
Nur,♀ Perempuan
Nur,♀ Perempuan
Nur'Aini,♀ Perempuan
Nuraeni,♀ Perempuan
Nuraini,♀ Perempuan
Nurani,♀ Perempuan
Nurani,♀ Perempuan
Nurhayati,♀ Perempuan
Nurhidayati,♀ Perempuan
Nuri,♀ Perempuan
Nurindahsari,♀ Perempuan
Nurkhayati,♀ Perempuan
Nurlela,♀ Perempuan
Nurliana,♀ Perempuan
Nurlina,♀ Perempuan
Nurlinda,♀ Perempuan
Nurmaditya,♀ Perempuan
Nurmala,♀ Perempuan
Nurmillah,♀ Perempuan
Nurry,♀ Perempuan
Nursida,♀ Perempuan
Nurul,♀ Perempuan
Nurul,♀ Perempuan
Nurwasita,♀ Perempuan
Nurwulan,♀ Perempuan
Nuryani,♀ Perempuan
Nyala,♀ Perempuan
Nyimas,♀ Perempuan
Nyna,♀ Perempuan
Obit,♀ Perempuan
Oktarian,♀ Perempuan
Oktavia,♀ Perempuan
Oktavia,♀ Perempuan
Oktaviana,♀ Perempuan
Oktaviani,♀ Perempuan
Oktaviani,♀ Perempuan
Oktaviasari,♀ Perempuan
Okti,♀ Perempuan
Oktin,♀ Perempuan
Oktina,♀ Perempuan
Olga,♀ Perempuan
Olin,♀ Perempuan
Otih,♀ Perempuan
Ovi,♀ Perempuan
Ovit,♀ Perempuan
Padma,♀ Perempuan
Padusi,♀ Perempuan
Pandhita,♀ Perempuan
Parahita,♀ Perempuan
Paramadina,♀ Perempuan
Paramaditha,♀ Perempuan
Paramita,♀ Perempuan
Paramita,♀ Perempuan
Paramita,♀ Perempuan
Paramita,♀ Perempuan
Paramitha,♀ Perempuan
Pastika,♀ Perempuan
Pauline,♀ Perempuan
Peggy,♀ Perempuan
Pelangi,♀ Perempuan
Peni,♀ Perempuan
Penny,♀ Perempuan
Perdana,♀ Perempuan
Permata,♀ Perempuan
Permata,♀ Perempuan
Permata Hati,♀ Perempuan
Perry,♀ Perempuan
Persik,♀ Perempuan
Pertiwi,♀ Perempuan
Pia,♀ Perempuan
Pilar,♀ Perempuan
Pinda,♀ Perempuan
Pitra,♀ Perempuan
Pitri,♀ Perempuan
Pitria,♀ Perempuan
Poppy,♀ Perempuan
Pramesthi,♀ Perempuan
Pramesty,♀ Perempuan
Pramestyaningrum,♀ Perempuan
Prameswari,♀ Perempuan
Prameswati,♀ Perempuan
Pramitha,♀ Perempuan
Pramudita,♀ Perempuan
Pranacitra,♀ Perempuan
Pratiwi,♀ Perempuan
Priantina,♀ Perempuan
Pribadi,♀ Perempuan
Prima,♀ Perempuan
Primesty,♀ Perempuan
Prisilia,♀ Perempuan
Pritha,♀ Perempuan
Priyanti,♀ Perempuan
Pualam,♀ Perempuan
Pudi,♀ Perempuan
Puja,♀ Perempuan
Puja,♀ Perempuan
Puji,♀ Perempuan
Pujiastuti,♀ Perempuan
Puput,♀ Perempuan
Puput,♀ Perempuan
Purbani,♀ Perempuan
Purwanti,♀ Perempuan
Puspa,♀ Perempuan
Puspa,♀ Perempuan
Puspa,♀ Perempuan
Puspandari,♀ Perempuan
Pusparani,♀ Perempuan
Puspasari,♀ Perempuan
Puspita,♀ Perempuan
Puspita,♀ Perempuan
Puspitasari,♀ Perempuan
Pustaka,♀ Perempuan
Pustika,♀ Perempuan
Puteri,♀ Perempuan
Puti,♀ Perempuan
Putri,♀ Perempuan
Putri,♀ Perempuan
Putriandani,♀ Perempuan
Qaf,♀ Perempuan
Queena,♀ Perempuan
Quinta,♀ Perempuan
Ra'Isa,♀ Perempuan
Rachma,♀ Perempuan
Rachmadiba,♀ Perempuan
Rachmadina,♀ Perempuan
Rae,♀ Perempuan
Raelani,♀ Perempuan
Raelina,♀ Perempuan
Rafa,♀ Perempuan
Rafalisa,♀ Perempuan
Rafalisha,♀ Perempuan
Rafasya,♀ Perempuan
Rafasyah,♀ Perempuan
Raffasy,♀ Perempuan
Rafika,♀ Perempuan
Rafsanjani,♀ Perempuan
Rahayu,♀ Perempuan
Rahma,♀ Perempuan
Rahma,♀ Perempuan
Rahma,♀ Perempuan
Rahmadiba,♀ Perempuan
Rahmadina,♀ Perempuan
Rahmati,♀ Perempuan
Rahmaulidia,♀ Perempuan
Rahmawati,♀ Perempuan
Rahmayani,♀ Perempuan
Raiana,♀ Perempuan
Raina,♀ Perempuan
Raina,♀ Perempuan
Raisa,♀ Perempuan
Raisha,♀ Perempuan
Rakna,♀ Perempuan
Raksi,♀ Perempuan
Raline,♀ Perempuan
Ramadniya,♀ Perempuan
Ramah,♀ Perempuan
Ramah,♀ Perempuan
Ramana,♀ Perempuan
Ramania,♀ Perempuan
Ramaniya,♀ Perempuan
Ramayani,♀ Perempuan
Ramayanti,♀ Perempuan
Raminah,♀ Perempuan
Rana,♀ Perempuan
Rani,♀ Perempuan
Rani,♀ Perempuan
Rania,♀ Perempuan
Rannu,♀ Perempuan
Ranny,♀ Perempuan
Ranti,♀ Perempuan
Ranu,♀ Perempuan
Ranu,♀ Perempuan
Rany,♀ Perempuan
Raras,♀ Perempuan
Rarasati,♀ Perempuan
Rasamala,♀ Perempuan
Rasmina,♀ Perempuan
Rasti,♀ Perempuan
Rasty,♀ Perempuan
Ratna,♀ Perempuan
Ratna,♀ Perempuan
Ratnamaya,♀ Perempuan
Ratnawati,♀ Perempuan
Ratno,♀ Perempuan
Ratno,♀ Perempuan
Ratri,♀ Perempuan
Raudha,♀ Perempuan
Ravabia,♀ Perempuan
Raya,♀ Perempuan
Raya,♀ Perempuan
Rayana,♀ Perempuan
Rayanaa,♀ Perempuan
Rayani,♀ Perempuan
Rayanna,♀ Perempuan
Rayni,♀ Perempuan
Reandra,♀ Perempuan
Refa,♀ Perempuan
Refalina,♀ Perempuan
Refania,♀ Perempuan
Refasya,♀ Perempuan
Regina,♀ Perempuan
Regina,♀ Perempuan
Registra,♀ Perempuan
Regita,♀ Perempuan
Rema,♀ Perempuan
Rembuk,♀ Perempuan
Rembulan,♀ Perempuan
Rena,♀ Perempuan
Renata,♀ Perempuan
Renata,♀ Perempuan
Reni,♀ Perempuan
Reni,♀ Perempuan
Renita,♀ Perempuan
Rennah,♀ Perempuan
Rennie,♀ Perempuan
Renti,♀ Perempuan
Reny,♀ Perempuan
Resti,♀ Perempuan
Resty,♀ Perempuan
Retno,♀ Perempuan
Reva,♀ Perempuan
Reva,♀ Perempuan
Revalina,♀ Perempuan
Reveline,♀ Perempuan
Revita,♀ Perempuan
Revitra,♀ Perempuan
Reysha,♀ Perempuan
Rhaya,♀ Perempuan
Rhea,♀ Perempuan
Ria,♀ Perempuan
Ria,♀ Perempuan
Rialina,♀ Perempuan
Riana,♀ Perempuan
Riani,♀ Perempuan
Rianti,♀ Perempuan
Riantina,♀ Perempuan
Rianty,♀ Perempuan
Riany,♀ Perempuan
Rias,♀ Perempuan
Riatri,♀ Perempuan
Rifayani,♀ Perempuan
Rifayya,♀ Perempuan
Rika,♀ Perempuan
Rika,♀ Perempuan
Rima,♀ Perempuan
Rima,♀ Perempuan
Rina,♀ Perempuan
Rina,♀ Perempuan
Rinawati,♀ Perempuan
Rindang,♀ Perempuan
Rindu,♀ Perempuan
Rini,♀ Perempuan
Rini,♀ Perempuan
Rini,♀ Perempuan
Rinia,♀ Perempuan
Rinne,♀ Perempuan
Riri,♀ Perempuan
Riries,♀ Perempuan
Ririn,♀ Perempuan
Ririn,♀ Perempuan
Riris,♀ Perempuan
Riris,♀ Perempuan
Risa,♀ Perempuan
Risma,♀ Perempuan
Rismadhanti,♀ Perempuan
Ristani,♀ Perempuan
Ristia,♀ Perempuan
Rita,♀ Perempuan
Rita,♀ Perempuan
Rita,♀ Perempuan
Rivania,♀ Perempuan
Rivayani,♀ Perempuan
Riyanti,♀ Perempuan
Rizkha,♀ Perempuan
Rizma,♀ Perempuan
Rizqiyah,♀ Perempuan
Roafana Wa`Afina,♀ Perempuan
Rofina,♀ Perempuan
Rohana,♀ Perempuan
Rohanah,♀ Perempuan
Rohani,♀ Perempuan
Rohmawati,♀ Perempuan
Romansa,♀ Perempuan
Rondise,♀ Perempuan
Rosa,♀ Perempuan
Roslia,♀ Perempuan
Rosmala,♀ Perempuan
Rosmalia,♀ Perempuan
Rosmana,♀ Perempuan
Rosmauli,♀ Perempuan
Rosmini,♀ Perempuan
Rostianum,♀ Perempuan
Rostina,♀ Perempuan
Rozelly,♀ Perempuan
Ruah,♀ Perempuan
Rubiah,♀ Perempuan
Rukmini,♀ Perempuan
Rumanisa,♀ Perempuan
Rusdina,♀ Perempuan
Rusidawaty,♀ Perempuan
Rusmayanti,♀ Perempuan
Ryani,♀ Perempuan
Ryanti,♀ Perempuan
Sadin,♀ Perempuan
Sadina,♀ Perempuan
Saffana,♀ Perempuan
Safira,♀ Perempuan
Safira,♀ Perempuan
Sahaya,♀ Perempuan
Sahda,♀ Perempuan
Sahdu,♀ Perempuan
Sahira,♀ Perempuan
Sahoya,♀ Perempuan
Sahya,♀ Perempuan
Saidah,♀ Perempuan
Saka,♀ Perempuan
Sakanti,♀ Perempuan
Salsabila,♀ Perempuan
Salsabila,♀ Perempuan
Sandra,♀ Perempuan
Santi,♀ Perempuan
Santi,♀ Perempuan
Santie,♀ Perempuan
Saputri,♀ Perempuan
Sarah,♀ Perempuan
Sarastiti,♀ Perempuan
Sarastri,♀ Perempuan
Saraswati,♀ Perempuan
Saraswati,♀ Perempuan
Sari,♀ Perempuan
Sari,♀ Perempuan
Sari,♀ Perempuan
Sari,♀ Perempuan
Sarinah,♀ Perempuan
Sarmini,♀ Perempuan
Sartika,♀ Perempuan
Sasa,♀ Perempuan
Sasi,♀ Perempuan
Sasikirana,♀ Perempuan
Saskia,♀ Perempuan
Saskia,♀ Perempuan
Sasya,♀ Perempuan
Satriana,♀ Perempuan
Satriani,♀ Perempuan
Satriany,♀ Perempuan
Satsinaristasari,♀ Perempuan
Savira,♀ Perempuan
Savyra,♀ Perempuan
Sayang,♀ Perempuan
Sayidah,♀ Perempuan
Segar,♀ Perempuan
Seger,♀ Perempuan
Sejati,♀ Perempuan
Sekar,♀ Perempuan
Sekarputri,♀ Perempuan
Selara,♀ Perempuan
Selasih,♀ Perempuan
Sendiri,♀ Perempuan
Senja,♀ Perempuan
Sentiani,♀ Perempuan
Septa,♀ Perempuan
Septi,♀ Perempuan
Septi,♀ Perempuan
Septialika,♀ Perempuan
Septiana,♀ Perempuan
Septiani,♀ Perempuan
Septy,♀ Perempuan
Septya,♀ Perempuan
Septyana,♀ Perempuan
Septyani,♀ Perempuan
Seruni,♀ Perempuan
Setyaningsih,♀ Perempuan
Shafiqa,♀ Perempuan
Shareefa,♀ Perempuan
Shareeva,♀ Perempuan
Sheilafia,♀ Perempuan
Shine,♀ Perempuan
Shinta,♀ Perempuan
Shintha,♀ Perempuan
Shita,♀ Perempuan
Sifabella,♀ Perempuan
Silfi,♀ Perempuan
Silvia,♀ Perempuan
Singarimbun,♀ Perempuan
Sinta,♀ Perempuan
Sintiya,♀ Perempuan
Siska,♀ Perempuan
Sistha,♀ Perempuan
Siwi,♀ Perempuan
Sofa,♀ Perempuan
Sofea,♀ Perempuan
Sofhie,♀ Perempuan
Sofie,♀ Perempuan
Solaria,♀ Perempuan
Sonya,♀ Perempuan
Srengenge,♀ Perempuan
Sri,♀ Perempuan
Sri,♀ Perempuan
Srimaladewi,♀ Perempuan
Sriwahyuni,♀ Perempuan
Sriyono,♀ Perempuan
Steffanie,♀ Perempuan
Suarsi,♀ Perempuan
Suci,♀ Perempuan
Suci,♀ Perempuan
Sudiar,♀ Perempuan
Suhair,♀ Perempuan
Suhairoh,♀ Perempuan
Suharni,♀ Perempuan
Suhartini,♀ Perempuan
Suhesi,♀ Perempuan
Sujatmi,♀ Perempuan
Sukesi,♀ Perempuan
Sukma,♀ Perempuan
Sumiarsih,♀ Perempuan
Sunarsih,♀ Perempuan
Sundari,♀ Perempuan
Suniarsih,♀ Perempuan
Sunya,♀ Perempuan
Sunyaruri,♀ Perempuan
Surachmin,♀ Perempuan
Suris,♀ Perempuan
Suryani,♀ Perempuan
Susan,♀ Perempuan
Susan,♀ Perempuan
Susanti,♀ Perempuan
Susanty,♀ Perempuan
Susi,♀ Perempuan
Susi,♀ Perempuan
Susilawati,♀ Perempuan
Susiyanti,♀ Perempuan
Sustiwi,♀ Perempuan
Sutanti,♀ Perempuan
Sutra,♀ Perempuan
Sutriah,♀ Perempuan
Suwita,♀ Perempuan
Swasti,♀ Perempuan
Syaffa,♀ Perempuan
Syaffana,♀ Perempuan
Syahidah,♀ Perempuan
Syahieda,♀ Perempuan
Syahla,♀ Perempuan
Syaidah,♀ Perempuan
Syair,♀ Perempuan
Syaira,♀ Perempuan
Syifanadia,♀ Perempuan
Syivanadia,♀ Perempuan
Sylfi,♀ Perempuan
Syofia,♀ Perempuan
Syuryani,♀ Perempuan
Tabir,♀ Perempuan
Talar,♀ Perempuan
Talenta,♀ Perempuan
Talita,♀ Perempuan
Tamara,♀ Perempuan
Tami,♀ Perempuan
Tanalin,♀ Perempuan
Tania,♀ Perempuan
Tara,♀ Perempuan
Tari,♀ Perempuan
Taritiya,♀ Perempuan
Tatik,♀ Perempuan
Teduh,♀ Perempuan
Teratai,♀ Perempuan
Tes,♀ Perempuan
Tesa,♀ Perempuan
Tessa,♀ Perempuan
Tessa,♀ Perempuan
Tessi,♀ Perempuan
Teten,♀ Perempuan
Thaya,♀ Perempuan
Tia,♀ Perempuan
Tiara,♀ Perempuan
Tiara,♀ Perempuan
Tiara,♀ Perempuan
Tias,♀ Perempuan
Timur,♀ Perempuan
Tina,♀ Perempuan
Tina,♀ Perempuan
Tini,♀ Perempuan
Tining,♀ Perempuan
Tira,♀ Perempuan
Tira,♀ Perempuan
Tirta,♀ Perempuan
Tirtamaya,♀ Perempuan
Tita,♀ Perempuan
Tita,♀ Perempuan
Titha,♀ Perempuan
Titi,♀ Perempuan
Titie,♀ Perempuan
Titik,♀ Perempuan
Titik,♀ Perempuan
Titisari,♀ Perempuan
Tiyasa,♀ Perempuan
Totok,♀ Perempuan
Tri,♀ Perempuan
Tri,♀ Perempuan
Tria,♀ Perempuan
Trini,♀ Perempuan
Tusilawati,♀ Perempuan
Tuti,♀ Perempuan
Tutik,♀ Perempuan
Tya,♀ Perempuan
Tyas,♀ Perempuan
Tyas,♀ Perempuan
Uci,♀ Perempuan
Udayani,♀ Perempuan
Ulfa,♀ Perempuan
Ulianisa,♀ Perempuan
Ulva,♀ Perempuan
Ulvana,♀ Perempuan
Umi,♀ Perempuan
Umiyati,♀ Perempuan
Ungu,♀ Perempuan
Urianti,♀ Perempuan
Uta,♀ Perempuan
Utami,♀ Perempuan
Utara,♀ Perempuan
Utari,♀ Perempuan
Utari,♀ Perempuan
Ute,♀ Perempuan
Utpala,♀ Perempuan
Valen,♀ Perempuan
Vallen,♀ Perempuan
Vanda,♀ Perempuan
Vania,♀ Perempuan
Vanny,♀ Perempuan
Vany,♀ Perempuan
Vee,♀ Perempuan
Veivie,♀ Perempuan
Velannie,♀ Perempuan
Veloxa,♀ Perempuan
Ventila,♀ Perempuan
Vera,♀ Perempuan
Verawati,♀ Perempuan
Verena,♀ Perempuan
Verina,♀ Perempuan
Verni,♀ Perempuan
Vicki,♀ Perempuan
Vie,♀ Perempuan
Villia,♀ Perempuan
Vina,♀ Perempuan
Vina,♀ Perempuan
Vini,♀ Perempuan
Vinni,♀ Perempuan
Viona,♀ Perempuan
Virni,♀ Perempuan
Virsyareffi,♀ Perempuan
Virzarefi,♀ Perempuan
Virzarepi,♀ Perempuan
Vita,♀ Perempuan
Vita,♀ Perempuan
Vitasha,♀ Perempuan
Vivi,♀ Perempuan
Vivian,♀ Perempuan
Viviana,♀ Perempuan
Viyona,♀ Perempuan
Vonny,♀ Perempuan
Vony,♀ Perempuan
Wahyuni,♀ Perempuan
Wahyuni,♀ Perempuan
Waiduri,♀ Perempuan
Walet,♀ Perempuan
Wanda,♀ Perempuan
Wanda,♀ Perempuan
Wangi,♀ Perempuan
Wanodya,♀ Perempuan
Warsita,♀ Perempuan
Warta,♀ Perempuan
Wawa,♀ Perempuan
Wawat,♀ Perempuan
Wendy,♀ Perempuan
Weni,♀ Perempuan
Wening,♀ Perempuan
Wenny,♀ Perempuan
Weny,♀ Perempuan
Werdiningsih,♀ Perempuan
Wewen,♀ Perempuan
Wida,♀ Perempuan
Widaria,♀ Perempuan
Widasari,♀ Perempuan
Widhasari,♀ Perempuan
Widia,♀ Perempuan
Widita,♀ Perempuan
Widiyaningsih,♀ Perempuan
Widuri,♀ Perempuan
Widya,♀ Perempuan
Widya,♀ Perempuan
Widya,♀ Perempuan
Widyadana,♀ Perempuan
Widyadhani,♀ Perempuan
Widyaningrum,♀ Perempuan
Widyo,♀ Perempuan
Wiendy,♀ Perempuan
Wigati,♀ Perempuan
Wijayanti,♀ Perempuan
Wijdaja,♀ Perempuan
Wilda,♀ Perempuan
Wildania,♀ Perempuan
Wilis,♀ Perempuan
Wilsa,♀ Perempuan
Winarni,♀ Perempuan
Winarno,♀ Perempuan
Winata,♀ Perempuan
Winda,♀ Perempuan
Windriya,♀ Perempuan
Windyasti,♀ Perempuan
Wini,♀ Perempuan
Winni,♀ Perempuan
Winny,♀ Perempuan
Winny,♀ Perempuan
Winny,♀ Perempuan
Wirastri,♀ Perempuan
Wita,♀ Perempuan
Wiwik,♀ Perempuan
Wiwin,♀ Perempuan
Wiwit,♀ Perempuan
Wiyanti,♀ Perempuan
Wiyasih,♀ Perempuan
Wiyati,♀ Perempuan
Woro,♀ Perempuan
Wulan,♀ Perempuan
Wulandari,♀ Perempuan
Wulandari,♀ Perempuan
Wuri,♀ Perempuan
Wursita,♀ Perempuan
Xandra,♀ Perempuan
Xandra,♀ Perempuan
Xenia,♀ Perempuan
Yani,♀ Perempuan
Yania,♀ Perempuan
Yanik,♀ Perempuan
Yanti,♀ Perempuan
Yanti,♀ Perempuan
Yantina,♀ Perempuan
Yasmin,♀ Perempuan
Yasmin,♀ Perempuan
Yasmin,♀ Perempuan
Yatiningsih,♀ Perempuan
Yekti,♀ Perempuan
Yelvita,♀ Perempuan
Yenni,♀ Perempuan
Yenny,♀ Perempuan
Yeny,♀ Perempuan
Yesa,♀ Perempuan
Yesha,♀ Perempuan
Yesifa,♀ Perempuan
Yetty,♀ Perempuan
Yiris,♀ Perempuan
Yneke,♀ Perempuan
Yohana,♀ Perempuan
Yolanda,♀ Perempuan
Yolanita,♀ Perempuan
Yovita,♀ Perempuan
Yuki,♀ Perempuan
Yuki,♀ Perempuan
Yuli,♀ Perempuan
Yuli,♀ Perempuan
Yulia,♀ Perempuan
Yuliani,♀ Perempuan
Yulianti,♀ Perempuan
Yulianti,♀ Perempuan
Yulianti,♀ Perempuan
Yuliasari,♀ Perempuan
Yuliawati,♀ Perempuan
Yuliwati,♀ Perempuan
Yunani,♀ Perempuan
Yunarti,♀ Perempuan
Yuni,♀ Perempuan
Yuni,♀ Perempuan
Yuni,♀ Perempuan
Yuni,♀ Perempuan
Yuniarti,♀ Perempuan
Yunike,♀ Perempuan
Yuniki,♀ Perempuan
Yuningsih,♀ Perempuan
Yunita,♀ Perempuan
Yunita,♀ Perempuan
Yurike,♀ Perempuan
Yus,♀ Perempuan
Yusi,♀ Perempuan
Yusie,♀ Perempuan
Yussy,♀ Perempuan
Yustia,♀ Perempuan
Yustisi,♀ Perempuan
Yustisia,♀ Perempuan
Yuyun,♀ Perempuan
Yuyun,♀ Perempuan
Zagita,♀ Perempuan
Zahara,♀ Perempuan
Zahrotussita,♀ Perempuan
Zainiza,♀ Perempuan
Zalika,♀ Perempuan
Zalka,♀ Perempuan
Zamrud,♀ Perempuan
Zarina,♀ Perempuan
Zidni,♀ Perempuan
Zita,♀ Perempuan
Zitni,♀ Perempuan
Zuadah,♀ Perempuan
